"ebird_com_name","dir_exists","got_data","got_coverage","mapped_neighbors","got_draws","got_par_sums","made_trend_maps","got_indices","got_trends","prop_bad_rh","prop_bad_ess","trend_median","trend_q0.025","trend_q0.975"
"Abert's Towhee",1,1,1,1,1,1,1,1,1,0,0,1.15375876511318,0.500904225836514,1.85092201289321
"Acorn Woodpecker",1,1,1,1,1,1,1,1,1,0,0,2.02179825945124,1.69575651273436,2.31827916502651
"African Collared-Dove",1,1,1,0,0,0,0,0,0,NA,NA,NA,NA,NA
"Allen's Hummingbird",1,1,1,0,0,0,0,0,0,NA,NA,NA,NA,NA
"Altamira Oriole",1,1,1,1,1,1,1,1,1,0,0,0.901246399441835,-0.270243815400691,2.04174304393233
"American Black Duck",1,1,1,1,1,1,1,1,1,0,0,0.0363154293440027,-0.831015803355625,1.19722847276946
"American Avocet",1,1,1,1,1,1,1,1,1,0,0.00453172205438067,2.31915391937484,0.0930034508042327,6.30292459270052
"American Bittern",1,1,1,1,1,1,1,1,1,0,0,-2.2295412909263,-2.67275528441459,-1.7912896422228
"American Crow",1,1,1,1,1,1,0,0,0,0,0,NA,NA,NA
"American Dipper",1,1,1,1,1,1,1,1,1,0,0,-0.061925731425555,-0.578542025147838,0.40106311649389
"American Goldfinch",1,1,1,1,1,1,1,1,1,0,0,-0.320983366624772,-0.499059863482797,-0.162720105405333
"American Kestrel",1,1,1,1,1,1,1,1,1,0,0,0.0314080633083358,-0.0320354770024026,0.0959103999271937
"American Oystercatcher",1,1,1,1,1,1,1,1,1,0,0,-0.452483301903517,-1.69197827960559,0.729625648175589
"American Pipit",1,1,1,1,1,1,1,1,1,0,0,-1.70304231699945,-2.76515438232043,-0.802975612574982
"American Redstart",1,1,1,1,1,1,1,1,1,0,0,1.43231319565498,0.641189594387262,2.19576147936151
"American Robin",1,1,1,1,1,1,0,0,0,0,0,NA,NA,NA
"American Wigeon",1,1,1,1,1,1,1,1,1,0,0,-1.09279387695578,-2.66016173570745,-0.293496300966193
"American Woodcock",1,1,1,1,1,1,1,1,1,0,0,-1.2331555275348,-1.68373212707027,-0.776391596788125
"American Herring Gull",1,1,1,1,1,1,0,0,0,0,0,NA,NA,NA
"American Tree Sparrow",1,1,1,1,1,1,1,1,1,0,0,-2.15991081944369,-2.3929057199204,-1.9318481530906
"American White Pelican",1,1,1,1,1,1,1,1,1,0,0,6.92611684701807,4.28897761972508,9.59262795356364
"Ancient Murrelet",1,1,1,1,1,1,1,1,1,0,0,0.447614356810666,-2.75263504826908,2.4350552258509
"Anhinga",1,1,1,1,1,1,1,1,1,0,0,2.23772556257192,1.96562806289567,2.47393203921848
"Anna's Hummingbird",1,1,1,1,1,1,1,1,1,0,0,3.72541915666967,3.402358652113,4.06581983132049
"Aplomado Falcon",1,1,1,0,0,0,0,0,0,NA,NA,NA,NA,NA
"Arizona Woodpecker",1,1,1,0,0,0,0,0,0,NA,NA,NA,NA,NA
"Ash-throated Flycatcher",1,1,1,1,1,1,1,1,1,0,0,0.384678247643933,-0.968309838825123,1.75123330195623
"Atlantic Puffin",1,1,1,0,0,0,0,0,0,NA,NA,NA,NA,NA
"American Three-toed Woodpecker",1,1,1,1,1,1,1,1,1,0,0,-0.468767927201441,-2.11435127243778,1.16663837291521
"Audubon's Oriole",1,1,1,1,1,1,1,1,1,0,0,-1.12880131592425,-2.95716836330432,0.59474117344417
"Bachman's Sparrow",1,1,1,1,1,1,1,1,1,0,0,-3.00024637804766,-4.22949816139015,-1.69556335758775
"Baird's Sandpiper",1,1,0,0,0,0,0,0,0,NA,NA,NA,NA,NA
"Baird's Sparrow",1,1,1,0,0,0,0,0,0,NA,NA,NA,NA,NA
"Bald Eagle",1,1,1,1,1,1,1,1,1,0,0,3.74379618030959,2.77969862112375,4.60077072999041
"Baltimore Oriole",1,1,1,1,1,1,1,1,1,0,0,-1.29908128741952,-2.16993675890002,-0.496572529498206
"Bank Swallow",1,1,0,0,0,0,0,0,0,NA,NA,NA,NA,NA
"Barrow's Goldeneye",1,1,1,1,1,1,1,1,1,0,0,0.40602292174774,-1.1671400972662,1.7167108346571
"Barn Swallow",1,1,1,1,1,1,1,1,1,0,0,6.25416838956319,3.29407926812795,8.84069546191535
"Band-tailed Pigeon",1,1,1,1,1,1,0,0,0,0,0,NA,NA,NA
"Black-and-white Warbler",1,1,1,1,1,1,1,1,1,0,0,0.760590152705731,0.349498875226346,1.14634031210412
"Black-bellied Whistling-Duck",1,1,1,1,1,1,1,1,1,0,0,13.2829556501689,9.58142558796962,17.0976929054106
"Black-crowned Night Heron",1,1,1,1,0,0,0,0,0,NA,NA,NA,NA,NA
"Brown-capped Rosy-Finch",1,1,1,0,0,0,0,0,0,NA,NA,NA,NA,NA
"Belted Kingfisher",1,1,1,1,1,1,1,1,1,0,0,0.327886050395132,0.237532571178012,0.421877272102766
"Bell's Vireo",1,1,0,0,0,0,0,0,0,NA,NA,NA,NA,NA
"Bendire's Thrasher",1,1,1,1,1,1,1,1,1,0,0,-5.21625060375728,-6.73448578435685,-3.74477066508734
"Bewick's Wren",1,1,1,1,1,1,1,1,1,0,0,-0.497367803240456,-0.869910558732779,-0.28862608594571
"Black-billed Magpie",1,1,1,1,1,1,1,1,1,0,0,0.00822350704089425,-0.233721607377711,0.232119712563767
"Black-bellied Plover",1,1,1,1,1,1,1,1,1,0,0,0.0279819274034643,-0.896368814409453,1.61400742282663
"Black-backed Woodpecker",1,1,1,1,1,1,1,1,1,0,0,0.304912170456917,-1.54188600721396,2.0892525428587
"Black-capped Chickadee",1,1,1,1,1,1,1,1,1,0,0,1.47593282482927,1.23928280160854,1.68806795829724
"Black-capped Gnatcatcher",1,1,1,0,0,0,0,0,0,NA,NA,NA,NA,NA
"Black-chinned Hummingbird",1,1,1,1,1,1,1,1,1,0,0,5.0403885420789,2.22536633495369,7.83766702050413
"Black-chinned Sparrow",1,1,1,1,1,1,1,1,1,0,0,-1.75163949445246,-3.03525222081399,-0.549293647804866
"Black-footed Albatross",1,1,1,0,0,0,0,0,0,NA,NA,NA,NA,NA
"Black-headed Grosbeak",1,1,1,0,0,0,0,0,0,NA,NA,NA,NA,NA
"Black-headed Gull",1,1,1,1,1,1,1,1,1,0,0,-1.93578867193552,-3.75979011423605,-0.0958738140644297
"Nanday Parakeet",1,1,1,0,0,0,0,0,0,NA,NA,NA,NA,NA
"Black-legged Kittiwake",1,1,1,1,1,1,1,1,1,0,0,-2.91259000866458,-6.58803220777911,0.0771392758258839
"Black-necked Stilt",1,1,1,1,1,1,1,1,1,0,0,5.29947566995809,3.89752992847426,6.70974508746206
"Black Rosy-Finch",1,1,1,1,1,1,1,1,1,0,0,-1.6668436099982,-5.348168958096,1.79924340105379
"Black-tailed Gnatcatcher",1,1,1,1,1,1,1,1,1,0,0,1.32088678616312,0.358268306060818,2.28143570895988
"Black-throated Sparrow",1,1,1,1,1,1,1,1,1,0,0,-1.26039317202915,-2.04729214767074,-0.591500178181267
"Black-vented Shearwater",1,1,1,0,0,0,0,0,0,NA,NA,NA,NA,NA
"Black-crested Titmouse",1,1,1,1,1,1,1,1,1,0,0,-0.659002092243943,-1.28937173850009,-0.0710703035366056
"Black Guillemot",1,1,1,1,1,1,1,1,1,0,0.130705394190871,0.863773789913025,-0.85789949160377,2.37803862467608
"Black Oystercatcher",1,1,1,1,1,1,1,1,1,0,0,3.81575756465183,3.00574763973486,4.6404465880815
"Black Phoebe",1,1,1,1,1,1,1,1,1,0,0,2.58396978833751,2.32321001167691,2.84382641573244
"Black Rail",1,1,1,1,1,1,0,0,0,0,0,NA,NA,NA
"Black Scoter",1,1,1,1,1,1,1,1,1,0,0,0.574466173151911,-3.78744900029485,3.33340830676443
"Black Skimmer",1,1,1,1,1,1,1,1,1,0,0,-1.01281647493732,-2.31910969170123,0.324977953855594
"Black Turnstone",1,1,1,1,1,1,1,1,1,0,0,0.011218959098247,-0.878044721624146,0.869701542143185
"Black Vulture",1,1,1,1,1,1,1,1,1,0,0,5.03430180404545,4.52877456458457,5.58453488603269
"Blue Grosbeak",1,1,1,0,0,0,0,0,0,NA,NA,NA,NA,NA
"Blue Jay",1,1,1,1,1,1,1,1,1,0,0,0.536816458396971,0.429805974905678,0.648160591462977
"Brown-crested Flycatcher",1,1,1,0,0,0,0,0,0,NA,NA,NA,NA,NA
"Brown-headed Cowbird",1,1,1,1,1,1,1,1,1,0,0,-3.19464315049767,-5.13248113314702,-1.80247581708695
"Brown-headed Nuthatch",1,1,1,1,1,1,1,1,1,0,0,0.807454363495075,0.441380051232282,1.19170578827975
"Bohemian Waxwing",1,1,1,1,1,1,1,1,1,0,0,-2.71492680825635,-8.49310590205167,0.257131450879948
"Bonaparte's Gull",1,1,1,1,1,1,1,1,1,0,0,0.75174785490375,-0.874818797239194,3.26800639270493
"Boreal Chickadee",1,1,1,1,1,1,1,1,1,0,0,0.757263458552437,-0.396983672653525,1.91690002280479
"Boreal Owl",1,1,1,0,0,0,0,0,0,NA,NA,NA,NA,NA
"Boat-tailed Grackle",1,1,1,1,1,1,1,1,1,0,0,30.4240360601176,23.4676748689931,40.6188007337658
"Botteri's Sparrow",1,1,1,0,0,0,0,0,0,NA,NA,NA,NA,NA
"Brandt's Cormorant",1,1,1,1,1,1,1,1,1,0,0,2.71442381231678,1.57567195521844,3.88057063839446
"Brant",1,1,1,1,0,0,0,0,0,NA,NA,NA,NA,NA
"Broad-billed Hummingbird",1,1,1,0,0,0,0,0,0,NA,NA,NA,NA,NA
"Barred Owl",1,1,1,1,1,1,1,1,1,0,0,1.14215612242163,0.90143980053543,1.36833049937836
"Brewer's Blackbird",1,1,1,1,1,1,1,1,1,0,0,-3.11454293329654,-3.91276803127642,-2.30831990161684
"Brewer's Sparrow",1,1,1,1,1,1,1,1,1,0,0,-1.64489563022542,-3.51553669838049,0.316686960683658
"Bridled Titmouse",1,1,1,1,1,1,1,1,1,0,0,0.000927138968132013,-1.39838555959206,1.0852858736721
"Brown Booby",1,1,1,0,0,0,0,0,0,NA,NA,NA,NA,NA
"Brown Creeper",1,1,1,1,1,1,1,1,1,0,0,0.104909533324504,-0.0605203671946682,0.233596104121889
"Brown Jay",1,1,0,0,0,0,0,0,0,NA,NA,NA,NA,NA
"American Barn Owl",1,1,1,1,1,1,0,0,0,0,0,NA,NA,NA
"Brown Pelican",1,1,1,1,1,1,1,1,1,0.0210643015521064,0.0565410199556541,2.90301948628486,2.37029696068104,4.2751573130228
"Brown Thrasher",1,1,1,1,1,1,1,1,1,0,0,-2.01695617730657,-2.19320353330944,-1.8505742079132
"Bronzed Cowbird",1,1,1,1,1,1,0,0,0,0,0,NA,NA,NA
"Broad-tailed Hummingbird",1,1,1,0,0,0,0,0,0,NA,NA,NA,NA,NA
"Broad-winged Hawk",1,1,1,0,0,0,0,0,0,NA,NA,NA,NA,NA
"Black-throated Blue Warbler",1,1,1,0,0,0,0,0,0,NA,NA,NA,NA,NA
"Black-throated Green Warbler",1,1,1,1,1,1,1,1,1,0,0,1.2278909466778,0.15336915865701,2.30164583622535
"Black-throated Gray Warbler",1,1,1,1,1,1,1,1,1,0,0,2.62284660176292,1.44831089496641,3.70437851957961
"Buff-bellied Hummingbird",1,1,1,1,1,1,1,1,1,0,0,4.0830563617447,2.4594755703637,6.04876376594174
"Budgerigar",1,1,1,0,0,0,0,0,0,NA,NA,NA,NA,NA
"Bufflehead",1,1,1,1,1,1,1,1,1,0,0,1.52164129989827,0.899947812697549,2.00272992365715
"Blue-gray Gnatcatcher",1,1,1,1,1,1,1,1,1,0,0,1.07954896613813,0.782129655257414,1.35419970014977
"Blue-headed Vireo",1,1,1,1,1,1,1,1,1,0,0,21.1684489816927,14.0881938316309,33.6707966953113
"Bullock's Oriole",1,1,1,1,1,1,1,1,1,0,0,0.760915146360464,-0.183946495417238,1.82783849324743
"Burrowing Owl",1,1,1,1,1,1,1,1,1,0,0,-0.979464136611935,-1.64196694883232,-0.245544846946702
"Bushtit",1,1,1,1,1,1,1,1,1,0,0,0.727292602351381,0.242900918303264,1.20184612403445
"Blue-throated Mountain-gem",0,0,0,0,0,0,0,0,0,NA,NA,NA,NA,NA
"Blue-winged Teal",1,1,1,1,1,1,1,1,1,0,0,1.06905653801408,0.427817521533455,1.87110306623767
"Cactus Wren",1,1,1,1,1,1,1,1,1,0,0,-2.01922585374856,-2.48384782359381,-1.5646829432112
"California Condor",1,1,1,0,0,0,0,0,0,NA,NA,NA,NA,NA
"California Gnatcatcher",1,1,1,0,0,0,0,0,0,NA,NA,NA,NA,NA
"California Gull",1,1,1,1,1,1,1,1,1,0,0,1.20440446081064,0.188596478418977,2.41746611948379
"Calliope Hummingbird",1,1,1,0,0,0,0,0,0,NA,NA,NA,NA,NA
"California Quail",1,1,1,1,1,1,1,1,1,0,0,0.549954727584145,0.107398857260032,0.978701185141263
"California Thrasher",1,1,1,1,1,1,1,1,1,0,0,0.112344232570005,-0.264928065684455,0.487969884728904
"California Towhee",1,1,1,1,1,1,1,1,1,0,0,32.1454004073076,20.4628538106517,55.0912504419139
"Cape May Warbler",1,1,1,0,0,0,0,0,0,NA,NA,NA,NA,NA
"Canyon Towhee",1,1,1,1,1,1,1,1,1,0,0,27.5331997734867,14.8207373061552,51.3404646889757
"Canvasback",1,1,1,1,1,1,1,1,1,0,0,-1.39112553264836,-2.40002753772573,-0.350527078404101
"Canyon Wren",1,1,1,1,1,1,1,1,1,0,0,-0.756915085843218,-1.29752128989719,-0.207362947335574
"Carolina Chickadee",1,1,1,1,1,1,1,1,1,0,0,0.385713967098411,0.251873423611613,0.51539244698986
"Carolina Wren",1,1,1,1,1,1,0,0,0,0,0,NA,NA,NA
"Cassin's Auklet",1,1,1,1,1,1,1,1,1,0,0,-1.98130471898443,-5.16316199335314,1.38899532916465
"Cassin's Finch",1,1,1,1,1,1,1,1,1,0,0,0.084572351032608,-1.46172917563324,1.62414777537486
"Cassin's Kingbird",1,1,1,0,0,0,0,0,0,NA,NA,NA,NA,NA
"Cassin's Sparrow",1,1,1,1,1,1,1,1,1,0,0,-2.74265602105171,-4.65075279052516,-0.833476250737927
"Caspian Tern",1,1,1,1,1,1,1,1,1,0,0,-1.28304571114024,-1.87471760748944,-0.65569197903849
"Cassin's Vireo",1,1,1,1,1,1,1,1,1,0,0,14.3065341290657,7.68290448792767,24.4282288024301
"Western Cattle-Egret",1,1,1,1,1,1,0,0,0,0,0,NA,NA,NA
"Cave Swallow",1,1,1,1,1,1,1,1,1,0,0,20.9927366939032,10.4339321245309,41.2342960619319
"Cedar Waxwing",1,1,1,1,1,1,1,1,1,0,0,0.782613222197681,-0.363890871601002,1.26075656452621
"Chestnut-backed Chickadee",1,1,1,1,1,1,1,1,1,0,0,1.12064047035338,0.777097209411958,1.64410883691771
"Chestnut-collared Longspur",1,1,1,1,1,1,1,1,1,0,0,-3.21505184154896,-8.73868037313843,2.78411083802066
"Chihuahuan Raven",1,1,1,1,1,1,1,1,1,0,0,-6.43608821537767,-8.99726940783698,-3.46700997959762
"Chipping Sparrow",1,1,1,1,1,1,1,1,1,0,0,0.195865929622163,-0.357405309641915,0.762153516072776
"Chestnut-sided Warbler",1,1,1,0,0,0,0,0,0,NA,NA,NA,NA,NA
"Chukar",1,1,1,1,1,1,1,1,1,0,0,-1.19283854276848,-4.25025984941568,1.17996391452467
"Chuck-will's-widow",1,1,0,0,0,0,0,0,0,NA,NA,NA,NA,NA
"Cinnamon Teal",1,1,1,1,1,1,1,1,1,0,0,0.211972309501451,-0.495420413428415,0.884359567639974
"Clark's Nutcracker",1,1,1,1,1,1,1,1,1,0,0,-1.117257227298,-3.6920366546616,0.694176470109066
"Clapper Rail",1,1,1,1,1,1,1,1,1,0,0,-0.145984603295612,-0.687149504342291,0.380541040718622
"Clay-colored Thrush",1,1,1,0,0,0,0,0,0,NA,NA,NA,NA,NA
"Clay-colored Sparrow",1,1,1,1,1,1,1,1,1,0,0,-3.41949575285175,-5.3248429896789,-1.20504233360956
"Cliff Swallow",1,1,0,0,0,0,0,0,0,NA,NA,NA,NA,NA
"Common Ground Dove",1,1,1,1,1,1,1,1,1,0,0,-2.72880241074371,-3.18516304229755,-2.27426545269519
"Common Eider",1,1,1,1,1,1,1,1,1,0,0,2.7290305869906,-1.22960429752812,7.92649268043808
"Common Gallinule",1,1,1,1,1,1,1,1,1,0,0,1.93079928621175,1.07083591345118,2.85124888829279
"Common Goldeneye",1,1,1,1,1,1,1,1,1,0,0,0.392580263500997,-0.397989261143417,1.01493331014378
"Common Grackle",1,1,1,1,0,0,0,0,0,NA,NA,NA,NA,NA
"Common Loon",1,1,1,1,0,0,0,0,0,NA,NA,NA,NA,NA
"Common Merganser",1,1,1,1,1,1,1,1,1,0,0,1.87495806327509,-0.0480504625933043,4.65911056628897
"Common Murre",1,1,1,1,1,1,1,1,1,0,0,-1.69846932529473,-5.58718047914585,0.951988019965607
"Common Myna",1,1,1,0,0,0,0,0,0,NA,NA,NA,NA,NA
"Common Nighthawk",1,1,0,0,0,0,0,0,0,NA,NA,NA,NA,NA
"Common Pauraque",1,1,1,1,1,1,1,1,1,0,0,-1.35284691631389,-2.37070177958816,-0.340724121258094
"Indian Peafowl",1,1,1,0,0,0,0,0,0,NA,NA,NA,NA,NA
"Common Poorwill",1,1,1,0,0,0,0,0,0,NA,NA,NA,NA,NA
"Common Raven",1,1,1,1,1,1,1,1,1,0,0,3.90459348976021,2.61682166963287,5.0777627220965
"Common Tern",1,1,1,1,1,1,1,1,1,0,0,-6.57976174630543,-7.98008235395669,-5.30182763293703
"Common Yellowthroat",1,1,1,1,1,1,1,1,1,0,0,-1.03932446719303,-1.27661674314194,-0.814838842781689
"Cooper's Hawk",1,1,1,1,1,1,1,1,1,0,0,2.57179266804176,2.41295991855486,2.73516972893864
"Costa's Hummingbird",1,1,1,1,1,1,1,1,1,0,0,3.86482283715388,2.48971043156131,5.41225687495862
"California Scrub-Jay",0,0,0,0,0,0,0,0,0,NA,NA,NA,NA,NA
"Crested Auklet",1,1,1,0,0,0,0,0,0,NA,NA,NA,NA,NA
"Crested Myna",1,1,1,0,0,0,0,0,0,NA,NA,NA,NA,NA
"Crissal Thrasher",1,1,1,1,1,1,1,1,1,0,0,-0.365763476224851,-0.982896643938818,0.249839603583929
"Curve-billed Thrasher",1,1,1,1,1,1,1,1,1,0,0,-1.01471298307701,-1.4652307669853,-0.618700150519425
"Dark-eyed Junco",1,1,1,1,1,1,1,1,1,0,0,-0.249418299648885,-0.387256727840337,-0.123807452875097
"Dickcissel",1,1,1,1,1,1,1,1,1,0,0,-3.24618835009314,-4.50890177799529,-1.87127781691083
"Double-crested Cormorant",1,1,1,1,1,1,1,1,1,0,0,6.80854694311239,5.82032501717491,8.76869345847231
"Dovekie",1,1,1,1,1,1,1,1,1,0,0,-0.599090118440671,-4.73102363976702,3.7557852799735
"Downy Woodpecker",1,1,1,1,1,1,1,1,1,0,0,0.858182902936266,0.809524843474013,0.909067291129475
"Dunlin",1,1,1,1,1,1,1,1,1,0,0,-0.370287710520673,-1.39283082830351,0.945026651930983
"Dusky Flycatcher",1,1,1,1,1,1,1,1,1,0,0,4.62146368048928,2.11576735647671,7.65442686397324
"Dusky Grouse",1,0,0,0,0,0,0,0,0,NA,NA,NA,NA,NA
"Eared Grebe",1,1,1,1,1,1,1,1,1,0,0,0.117357908851901,-1.32114977099611,1.46166403771307
"Eastern Bluebird",1,1,1,1,1,1,1,1,1,0,0,1.17456172641676,0.927939423100712,1.40992127914344
"Eastern Kingbird",1,1,1,0,0,0,0,0,0,NA,NA,NA,NA,NA
"Eastern Meadowlark",1,1,1,1,1,1,1,1,1,0,0,-2.67325711368135,-3.04488768421344,-2.14981072416959
"Eastern Screech-Owl",1,1,1,1,1,1,1,1,1,0,0,14.704195971644,12.4845727975293,17.6341174351723
"Eastern Phoebe",1,1,1,1,1,1,1,1,1,0,0,1.9314063603581,1.76895255962902,2.09054704433805
"Eastern Towhee",1,1,1,1,1,1,1,1,1,0,0,-1.95644359969762,-2.18530747381063,-1.74731946919263
"Eastern Whip-poor-will",1,1,0,1,1,1,1,1,1,0,0,-1.79573009527293,-2.6495361439849,-0.973402466552993
"Eastern Wood-Pewee",1,1,0,0,0,0,0,0,0,NA,NA,NA,NA,NA
"Egyptian Goose",1,1,1,1,1,1,1,1,1,0,0,28.5522867055658,17.5578314999604,44.4892063668338
"Elegant Tern",1,1,1,0,0,0,0,0,0,NA,NA,NA,NA,NA
"Elegant Trogon",1,1,1,0,0,0,0,0,0,NA,NA,NA,NA,NA
"Emperor Goose",1,1,1,0,0,0,0,0,0,NA,NA,NA,NA,NA
"Eurasian Collared-Dove",1,1,1,1,1,1,1,1,1,0,0,35.6081328792376,26.4317281120609,50.0844499824866
"European Starling",1,1,1,1,1,1,1,1,1,0,0,-1.03776964502307,-1.59199944629503,-0.466988545188305
"Eurasian Wigeon",1,1,1,1,1,1,1,1,1,0,0,4.03462745873167,3.27744475140712,4.86431629434627
"Eurasian Tree Sparrow",1,1,1,1,1,1,1,1,1,0,0,11.5326103313518,9.8460769447098,13.3626021549202
"Evening Grosbeak",1,1,1,1,1,1,1,1,1,0,0,-1.35206872120686,-4.94371275136446,0.779078654308653
"Ferruginous Hawk",1,1,0,1,1,1,1,1,1,0,0,1.8188178590098,1.31876408417876,2.34993763769504
"Field Sparrow",1,1,1,1,1,1,1,1,1,0,0,-3.10796525221411,-3.31792479982772,-2.91872215022361
"Fish Crow",1,1,1,1,1,1,1,1,1,0,0,0.0749366413654529,-1.2852959921274,2.01693100682871
"Florida Scrub-Jay",1,1,1,0,0,0,0,0,0,NA,NA,NA,NA,NA
"Forster's Tern",1,1,1,1,1,1,1,1,1,0,0,3.56827576809201,2.58764327565636,4.90942190348649
"Fox Sparrow",1,1,1,1,1,1,0,0,0,0,0,NA,NA,NA
"Franklin's Gull",1,1,1,1,1,1,1,1,1,0,0,0.0336259658642368,-2.60841813202433,2.48792849429517
"Fulvous Whistling-Duck",1,1,1,1,1,1,1,1,1,0,0,-4.92552103054705,-7.77592976498945,-2.14813320183113
"Gadwall",1,1,1,1,1,1,1,1,1,0,0,2.11866580638138,1.19328316520327,3.39061465977497
"Gambel's Quail",1,1,1,1,1,1,1,1,1,0,0,-0.687040967430913,-1.26150009021606,-0.0145199985179883
"Great Black-backed Gull",1,1,1,1,1,1,1,1,1,0,0,-1.38374365838523,-1.94299788998646,-0.873013303710047
"Gray-crowned Rosy-Finch",1,1,0,1,1,1,1,1,1,0,0,-2.71971380818948,-7.85884803918404,1.94571017435401
"Gilded Flicker",1,1,1,1,1,1,1,1,1,0,0,-1.40940514378484,-2.25021769582491,-0.5595517817088
"Gila Woodpecker",1,1,1,1,1,1,1,1,1,0,0,0.753842741692445,0.337021186085693,1.18769203328605
"Glaucous Gull",1,1,1,1,1,1,1,1,1,0,0,-1.31546709665943,-3.74257287800232,0.777233400196666
"Glossy Ibis",1,1,1,1,1,1,1,1,1,0,0,5.35214410319803,4.20728999283141,6.47258574480891
"Glaucous-winged Gull",1,1,1,1,1,1,1,1,1,0,0,-2.86321443128844,-4.67498109893713,-1.63091818881539
"Green-tailed Towhee",1,1,1,1,1,1,1,1,1,0,0,-0.843241008706147,-1.38829032359627,-0.198397063903515
"Green-winged Teal",1,1,1,1,1,1,0,0,0,0,0,NA,NA,NA
"Golden-crowned Kinglet",1,1,1,1,1,1,1,1,1,0,0,-0.0374492962949335,-0.310326768899642,0.249043003301637
"Golden-crowned Sparrow",1,1,1,1,1,1,1,1,1,0,0,0.367370463289707,0.0494338777640602,0.935134720565575
"Golden-fronted Woodpecker",1,1,1,1,1,1,1,1,1,0,0,-0.146066016249441,-0.590997264303193,0.32059037832604
"Golden Eagle",1,1,1,1,1,1,1,1,1,0,0,-0.343409671533568,-0.653214070729129,-0.0467893850597223
"Graylag Goose",1,1,1,0,0,0,0,0,0,NA,NA,NA,NA,NA
"Grasshopper Sparrow",1,1,1,1,1,1,1,1,1,0,0,-1.06158203703687,-1.96349971900044,-0.101692081132697
"Groove-billed Ani",1,1,1,1,1,1,1,1,1,0,0,-3.73925683373865,-5.66715043515088,-1.9187249517769
"Great Blue Heron",1,1,1,1,1,1,0,0,0,0,0,NA,NA,NA
"Great Crested Flycatcher",1,1,1,0,0,0,0,0,0,NA,NA,NA,NA,NA
"Great Cormorant",1,1,1,1,1,1,1,1,1,0,0,0.459947892022772,-0.872562228798456,2.64870680134132
"Great Egret",1,1,1,1,1,0,0,0,0,NA,NA,NA,NA,NA
"American Flamingo",1,1,0,0,0,0,0,0,0,NA,NA,NA,NA,NA
"Great Kiskadee",1,1,1,1,1,1,1,1,1,0,0,2.71020918058851,1.91489734415398,3.53615303681769
"Greater Roadrunner",1,1,1,1,1,1,1,1,1,0,0,-0.399675898798163,-0.706859711958571,-0.0891848587222496
"Greater Scaup",1,1,1,1,0,0,0,0,0,NA,NA,NA,NA,NA
"Great Shearwater",1,1,1,0,0,0,0,0,0,NA,NA,NA,NA,NA
"Greater Yellowlegs",1,1,1,1,1,1,1,1,1,0,0,1.54597026097675,1.12910392598029,1.96668634982334
"Great Gray Owl",1,1,1,1,1,1,1,1,1,0,0,3.23536358876801,-0.872354807930182,8.32593915940178
"Great Horned Owl",1,1,1,1,1,1,1,1,1,0,0,0.341382203223672,0.166226230565547,0.502716558450821
"Green Heron",1,1,1,1,1,0,0,0,0,NA,NA,NA,NA,NA
"Green Jay",1,1,1,1,1,1,1,1,1,0,0,2.24731856139722,1.25271898246622,3.2152837173414
"Green Kingfisher",1,1,1,1,1,1,1,1,1,0,0,0.0969677280040826,-1.30314846033739,1.29916746629429
"Green Parakeet",1,1,1,0,0,0,0,0,0,NA,NA,NA,NA,NA
"Greater Prairie-Chicken",1,1,1,1,1,1,1,1,1,0,0,0.728629557843308,-3.60389116578848,5.7096621830234
"Great-tailed Grackle",1,1,1,1,1,1,1,1,1,0,0,32.8347994973394,25.8238226581302,43.7463438182084
"Gray Catbird",1,1,1,1,1,1,1,1,1,0,0,0.981767012266466,0.720860336341064,1.23488227647535
"Gray Flycatcher",1,1,1,1,1,1,1,1,1,0,0,1.46181071848862,0.3878713253037,2.46477849695225
"Gray Hawk",1,1,1,0,0,0,0,0,0,NA,NA,NA,NA,NA
"Canada Jay",1,1,1,1,1,1,1,1,1,0,0,-0.820321273820213,-1.81388943060044,0.117017708261843
"Gray Partridge",1,1,1,1,1,1,1,1,1,0,0,-1.71320356482518,-5.55518556610444,0.224481234787196
"Gull-billed Tern",1,1,1,1,1,1,1,1,1,0,0,0.11336927905724,-1.03067970875668,1.45562717075251
"Greater White-fronted Goose",1,1,1,1,1,1,1,1,1,0,0,8.59142816170814,6.22662433740915,10.9926052115405
"Gray-cheeked Thrush",1,1,0,0,0,0,0,0,0,NA,NA,NA,NA,NA
"Gyrfalcon",1,1,1,1,0,0,0,0,0,NA,NA,NA,NA,NA
"Hairy Woodpecker",1,1,1,1,1,1,1,1,1,0,0,0.942759184096797,0.81575314280225,1.11984287348573
"Hammond's Flycatcher",1,1,1,1,1,1,1,1,1,0,0,10.5634961925556,6.70888292131492,15.8909567819133
"Harlequin Duck",1,1,1,1,1,1,1,1,1,0,0,0.0670652625964774,-1.60139913457551,1.51929113817016
"Harris's Sparrow",1,1,1,1,1,1,1,1,1,0,0,-2.21318821617768,-2.98138121804026,-1.76515602361266
"Heermann's Gull",1,1,1,1,1,1,1,1,1,0,0,-0.867064321023869,-1.67858307734072,-0.0485164411539084
"Henslow's Sparrow",1,1,1,1,1,1,1,1,1,0,0,-0.714586244772908,-2.41048210657698,1.01588483659123
"Hepatic Tanager",1,1,1,0,0,0,0,0,0,NA,NA,NA,NA,NA
"Hermit Thrush",1,1,1,1,1,1,1,1,1,0,0,0.515211262277093,0.362041937359576,0.653025706324981
"Hermit Warbler",1,1,1,1,1,1,1,1,1,0,0,0.566107009268779,-0.851176694773038,2.03239896447659
"Common Hill Myna",1,1,1,0,0,0,0,0,0,NA,NA,NA,NA,NA
"Hook-billed Kite",1,1,1,0,0,0,0,0,0,NA,NA,NA,NA,NA
"Hooded Merganser",1,1,1,1,1,1,1,1,1,0,0,3.19436644540955,2.36765420369478,3.71029585071841
"Hooded Oriole",1,1,1,1,1,1,1,1,1,0,0,2.10546342294347,0.650971977750583,3.6357730174118
"Horned Grebe",1,1,1,1,1,1,1,1,1,0.000392003136025088,0.00392003136025088,-0.803198454592546,-1.45853672870939,-0.307435843298235
"Horned Lark",1,1,1,1,1,1,1,1,1,0,0,-3.91960748177942,-5.43040670095763,-2.69519310867054
"House Finch",1,1,1,1,1,1,1,1,1,0,0,0.0530405930779909,-0.380066828135899,0.384251381302473
"House Sparrow",1,1,1,1,1,1,1,1,1,0,0,-1.6365290108769,-1.78348787213724,-1.49655462057348
"Northern House Wren",1,1,1,1,1,1,0,0,0,0,0,NA,NA,NA
"Harris's Hawk",1,1,1,1,1,1,1,1,1,0,0,-1.39890154264474,-2.30550070636309,-0.636687316779473
"Hutton's Vireo",1,1,1,1,1,1,1,1,1,0,0,1.08356822195613,0.625093632606011,1.47938827105965
"Inca Dove",1,1,1,1,1,1,1,1,1,0,0,-0.733194150117489,-1.88987965691993,0.199484759201524
"Indigo Bunting",1,1,1,1,1,1,1,1,1,0,0,-0.0943389294476626,-1.11190406197514,1.01728527662302
"Juniper Titmouse",1,1,0,0,0,0,0,0,0,NA,NA,NA,NA,NA
"Killdeer",1,1,1,1,1,1,1,1,1,0,0,-0.479315274987807,-0.744487337586683,-0.200931647086858
"King Eider",1,1,1,1,1,1,1,1,1,0,0,-7.80638690047822,-11.4537499203643,-3.81997665997606
"King Rail",1,1,1,1,1,1,1,1,1,0,0,-2.09139390318144,-3.01718566368022,-1.28629474810964
"Ladder-backed Woodpecker",1,1,0,1,1,1,1,1,1,0,0,0.395966722399366,0.127323327886041,0.619942325209811
"Lapland Longspur",1,1,1,1,1,1,1,1,1,0,0,-2.38240641912265,-6.7263319121929,2.67227020794778
"Lark Bunting",1,1,1,1,1,1,1,1,1,0,0,-2.59132718090072,-5.32004085167325,0.311540552917743
"Lark Sparrow",1,1,1,1,1,1,1,1,1,0,0,-2.75404252599829,-3.55827988190342,-2.17527577785415
"Laughing Gull",1,1,1,1,1,1,1,1,1,0,0,3.41681311282127,2.58944958710739,4.86241454680534
"Lawrence's Goldfinch",1,1,1,1,1,1,1,1,1,0,0,-2.92131187966049,-4.96719913492232,-1.16482171363314
"Laysan Albatross",1,1,1,0,0,0,0,0,0,NA,NA,NA,NA,NA
"Lazuli Bunting",1,1,1,0,0,0,0,0,0,NA,NA,NA,NA,NA
"Lesser Black-backed Gull",1,1,1,1,1,1,1,1,1,0,0,14.1618405186115,12.0504378463544,16.2366741374386
"Least Auklet",1,1,1,0,0,0,0,0,0,NA,NA,NA,NA,NA
"Least Bittern",1,1,1,1,1,1,1,1,1,0,0,1.43690711421397,0.362386881508062,2.57804018007917
"Least Flycatcher",1,1,1,1,1,1,1,1,1,0,0,5.53958006026146,3.22827989987613,8.10510780287816
"Least Grebe",1,1,1,1,1,1,1,1,1,0,0,0.546605769993869,-0.609892082782587,2.01075066467211
"Least Sandpiper",1,1,1,1,1,1,1,1,1,0,0,0.170474040117952,-0.427626202398318,0.793747905069731
"Least Tern",1,1,0,0,0,0,0,0,0,NA,NA,NA,NA,NA
"LeConte's Sparrow",1,1,1,1,1,1,1,1,1,0,0,-1.32889778773363,-2.20035229075694,-0.412599070165206
"LeConte's Thrasher",1,1,1,1,1,1,1,1,1,0,0,-2.0496666454167,-3.76810737053499,-0.427767421002319
"Lesser Prairie-Chicken",1,1,1,0,0,0,0,0,0,NA,NA,NA,NA,NA
"Lesser Goldfinch",1,1,1,1,1,1,1,1,1,0,0,2.42626626950128,1.39339838289098,4.78345854041888
"Lesser Nighthawk",1,1,1,0,0,0,0,0,0,NA,NA,NA,NA,NA
"Lesser Scaup",1,1,1,1,1,1,1,1,1,0,0,-1.91062690000465,-2.71014144950145,-1.30346442343548
"Lesser Yellowlegs",1,1,1,1,1,1,1,1,1,0,0,-0.693188513364967,-1.37838497809118,-0.0161952672818821
"Lewis's Woodpecker",1,1,1,1,1,1,1,1,1,0,0,-2.94609697855661,-5.60255634993127,-0.763454702281024
"Little Blue Heron",1,1,1,1,1,1,1,1,1,0,0,-0.46595964243793,-1.13121251459361,0.0332574164823868
"Lilac-crowned Amazon",1,1,1,0,0,0,0,0,0,NA,NA,NA,NA,NA
"Limpkin",1,1,1,1,1,1,1,1,1,0,0,3.91632571871213,2.09902549870359,5.39966816857782
"Lincoln's Sparrow",1,1,1,1,1,1,1,1,1,0,0,-0.420752390642876,-1.05846831514487,0.0508751974455102
"Little Gull",1,1,1,1,1,1,1,1,1,0,0,-0.350884457829159,-2.5019624768006,2.04447729642254
"Long-billed Curlew",1,1,1,1,1,1,1,1,1,0,0,-0.721971408302802,-2.00844027960328,0.172478077857354
"Long-billed Dowitcher",1,1,1,1,1,1,1,1,1,0,0,1.7009191511733,-0.286176599616753,3.46768874471077
"Long-billed Thrasher",1,1,1,1,1,1,1,1,1,0,0,0.649544862156126,-0.200524035445104,1.48996654570371
"Long-eared Owl",1,1,1,1,0,0,0,0,0,NA,NA,NA,NA,NA
"Loggerhead Shrike",1,1,1,1,1,1,1,1,1,0,0,-2.66673288198644,-2.81714273545802,-2.52160441200931
"Long-tailed Duck",1,1,1,1,1,1,1,1,1,0,0,-0.441683026113038,-3.49534486859702,1.99677056881948
"Louisiana Waterthrush",1,1,1,0,0,0,0,0,0,NA,NA,NA,NA,NA
"MacGillivray's Warbler",1,1,1,0,0,0,0,0,0,NA,NA,NA,NA,NA
"Magnificent Frigatebird",1,1,1,0,0,0,0,0,0,NA,NA,NA,NA,NA
"Rivoli's Hummingbird",0,0,0,0,0,0,0,0,0,NA,NA,NA,NA,NA
"Magnolia Warbler",1,1,1,0,0,0,0,0,0,NA,NA,NA,NA,NA
"Mallard",1,1,1,1,1,1,1,1,1,0,0,-0.998092373923121,-1.58579050911318,-0.538807442569125
"Mandarin Duck",1,1,1,0,0,0,0,0,0,NA,NA,NA,NA,NA
"Manx Shearwater",1,1,1,0,0,0,0,0,0,NA,NA,NA,NA,NA
"Marbled Godwit",1,1,1,1,1,1,1,1,1,0,0,-0.609856572581713,-2.03290783647669,0.863589482152669
"Marbled Murrelet",1,1,1,1,1,1,1,1,1,0,0,-2.06091130820532,-3.5301692835763,-0.646957338000035
"Marsh Wren",1,1,1,1,1,1,1,1,1,0,0,0.660149893057271,0.288733687044075,1.04193895098778
"Masked Booby",1,1,1,0,0,0,0,0,0,NA,NA,NA,NA,NA
"Thick-billed Longspur",1,1,1,1,1,1,1,1,1,0,0,-4.49516395269552,-8.42864065378675,-0.658007568788423
"McKay's Bunting",1,1,1,0,0,0,0,0,0,NA,NA,NA,NA,NA
"Merlin",1,1,1,1,1,1,1,1,1,0,0,2.84328129447882,2.5441452220919,3.14721889008365
"Short-billed Gull",1,1,1,1,1,1,1,1,1,0,0,-2.84802016095675,-4.86340305334096,-1.34298173923814
"Mexican Chickadee",1,1,0,0,0,0,0,0,0,NA,NA,NA,NA,NA
"Mexican Jay",1,1,1,1,1,1,1,1,1,0,0,-0.851163049544601,-1.63607360562237,-0.0343288121808964
"Mitred Parakeet",1,1,1,0,0,0,0,0,0,NA,NA,NA,NA,NA
"Monk Parakeet",1,1,1,1,1,1,0,0,0,0,0,NA,NA,NA
"Montezuma Quail",1,1,1,1,1,1,0,0,0,0,0,NA,NA,NA
"Mottled Duck",1,1,1,1,1,1,1,1,1,0,0,0.58103611902296,-0.34885716800387,1.73866323052323
"Mountain Bluebird",1,1,1,1,1,1,1,1,1,0,0,-0.366254442930414,-1.71095220048653,1.41509590862092
"Mountain Chickadee",1,1,1,1,1,1,1,1,1,0,0,-0.0228600593588757,-0.418196443200028,0.39678913402136
"Mourning Dove",1,1,1,1,1,1,1,1,1,0,0,0.580805286333186,0.398852684123502,0.74784362083182
"Mountain Plover",1,1,1,0,0,0,0,0,0,NA,NA,NA,NA,NA
"Mountain Quail",1,1,1,1,1,1,1,1,1,0,0,-3.11337150457415,-5.13290955388377,-1.08927034274911
"Muscovy Duck",1,1,1,1,1,1,1,1,1,0,0,27.9835611246014,14.7570447311818,50.5632837450524
"Mute Swan",1,1,1,1,1,1,1,1,1,0,0,4.38982826481208,3.34164508207042,5.14332470624739
"Nashville Warbler",1,1,1,1,1,1,1,1,1,0,0,-0.329218662397895,-1.55149089417088,0.826331083204273
"Neotropic Cormorant",1,1,1,1,1,1,1,1,1,0,0,10.2507490515298,6.96131148067563,13.1439677601273
"Northern Beardless-Tyrannulet",1,1,1,0,0,0,0,0,0,NA,NA,NA,NA,NA
"Northern Hawk Owl",1,1,1,1,1,1,1,1,1,0,0,-0.983599503046456,-3.24185272415189,2.06444030891333
"Northern Pygmy-Owl",1,1,1,1,1,1,1,1,1,0,0,-0.822727200088008,-1.82324642703716,0.0707870189230832
"Northern Bobwhite",1,1,1,1,1,1,1,1,1,0,0,-6.11083636385974,-6.942408241996,-5.00182257999661
"Northern Cardinal",1,1,1,1,1,1,1,1,1,0,0,-0.461011036577286,-0.545355627149838,-0.381031657043617
"Northern Flicker",1,1,1,1,1,1,0,0,0,0,0,NA,NA,NA
"Northern Fulmar",1,1,1,1,1,1,0,0,0,0,0,NA,NA,NA
"Northern Gannet",1,1,1,1,1,1,1,1,1,0,0,4.27641836539006,0.104756602429927,6.62531930146488
"American Goshawk",1,1,1,1,1,1,1,1,1,0,0,0.330192027420717,-0.581503332701259,1.16041570690209
"Northern Harrier",1,1,1,1,1,1,1,1,1,0,0,-0.254205349153364,-0.44294757526861,-0.0907774583128309
"Northern Mockingbird",1,1,1,1,1,1,1,1,1,0,0,-1.10062786939215,-1.20312298841214,-0.995933537552728
"Northern Parula",1,1,1,1,1,1,1,1,1,0,0,1.66533250364779,0.995039053359013,2.35300392955403
"Northern Pintail",1,1,1,1,1,1,1,1,1,0,0,-3.12839878112728,-4.29368450568834,-2.26014884568551
"Northern Shoveler",1,1,1,1,1,1,1,1,1,0,0,1.93804103613529,0.500521885023876,3.31445842892887
"Northern Shrike",1,1,1,1,1,1,1,1,1,0,0,-0.638274055265159,-0.906129815749955,-0.395880569837772
"Northern Waterthrush",1,1,1,1,1,1,1,1,1,0,0,-0.189879901377943,-1.02185191687084,0.585617509862439
"Northern Rough-winged Swallow",1,1,1,1,1,1,0,0,0,0,0,NA,NA,NA
"Northern Saw-whet Owl",1,1,1,1,1,1,1,1,1,0,0.00999259807549963,1.5372735081301,0.651099252506568,2.2929960232907
"Scaly-breasted Munia",1,1,1,0,0,0,0,0,0,NA,NA,NA,NA,NA
"Nuttall's Woodpecker",1,1,1,1,1,1,1,1,1,0,0,2.6017154195163,2.30557920807385,2.86431893170159
"Oak Titmouse",1,1,1,1,1,1,1,1,1,0,0,0.460874483952844,0.188699062577873,0.862810934515256
"Olive Sparrow",1,1,1,1,1,1,1,1,1,0,0,1.17926949352655,0.294648934743704,2.15571248539388
"Olive Warbler",1,1,1,0,0,0,0,0,0,NA,NA,NA,NA,NA
"Orchard Oriole",1,1,1,0,0,0,0,0,0,NA,NA,NA,NA,NA
"Orange-crowned Warbler",1,1,1,1,1,1,1,1,1,0,0,0.705120437411944,0.357302467907421,1.0693130888164
"Orange-cheeked Waxbill",1,1,1,0,0,0,0,0,0,NA,NA,NA,NA,NA
"Orange-winged Amazon",1,1,1,0,0,0,0,0,0,NA,NA,NA,NA,NA
"Osprey",1,1,1,1,1,1,1,1,1,0,0,4.1330867373289,3.8436231228186,4.42039976549926
"Ovenbird",1,1,1,1,1,1,1,1,1,0,0,-0.610651173243371,-1.1861706221963,-0.0648042480052555
"Pacific Wren",1,1,1,1,1,1,1,1,1,0,0,0.81489007657467,0.422684869222502,1.22931064215095
"Painted Bunting",1,1,1,1,1,1,1,1,1,0,0,-0.0146583975376258,-0.626740893210228,0.659932594220159
"Painted Redstart",1,1,1,0,0,0,0,0,0,NA,NA,NA,NA,NA
"Palm Warbler",1,1,1,1,1,1,1,1,1,0,0,0.843503028948056,0.421433071343388,1.2359158541876
"Parasitic Jaeger",1,1,1,1,1,1,1,1,1,0,0,0.457346097211186,-1.90467251574071,2.67147763230151
"Pectoral Sandpiper",1,1,0,0,0,0,0,0,0,NA,NA,NA,NA,NA
"Rosy-faced Lovebird",1,1,1,0,0,0,0,0,0,NA,NA,NA,NA,NA
"Pelagic Cormorant",1,1,1,1,1,1,1,1,1,0,0,0.116794972079137,-1.20793950382988,1.3010123927773
"Peregrine Falcon",1,1,1,1,1,1,1,1,1,0,0,3.21994427312093,2.49544814262158,3.80743946608466
"Phainopepla",1,1,1,1,1,1,1,1,1,0,0,0.0726991396635679,-0.602740534451047,0.697316905431453
"Pied-billed Grebe",1,1,1,1,1,1,1,1,1,0,0,0.498939377229435,0.193465705449839,0.776034922962217
"Pink-footed Shearwater",1,1,1,0,0,0,0,0,0,NA,NA,NA,NA,NA
"Pigeon Guillemot",1,1,1,1,1,1,1,1,1,0,0,0.321710741529724,-1.25255745072087,1.79234017341166
"Pileated Woodpecker",1,1,1,1,1,1,1,1,1,0,0,1.63823043382699,1.50280444134059,1.77620692915211
"Pine Grosbeak",1,1,1,1,1,1,1,1,1,0,0,-1.48388231342564,-7.24726610043308,1.20018030605812
"Pinyon Jay",1,1,1,1,1,1,1,1,1,0,0,-0.411892302293049,-2.92774818398764,1.88004141968917
"Pine Siskin",1,1,1,1,1,1,1,1,1,0,0,-0.40019277694533,-4.12819247421702,0.282781314697017
"Pine Warbler",1,1,1,1,1,1,1,1,1,0,0,1.48725254542498,1.10792101507817,1.8156282658364
"Piping Plover",1,1,1,1,1,1,1,1,1,0,0,-1.25835513530791,-2.17290858158053,-0.375192057270754
"Pin-tailed Whydah",1,1,1,0,0,0,0,0,0,NA,NA,NA,NA,NA
"Plain Chachalaca",1,1,1,1,1,1,1,1,1,0,0,0.0959663181333115,-1.15381799646109,1.28201541722654
"Plumbeous Vireo",1,1,1,1,1,1,1,1,1,0,0,10.3983862761908,6.39289492714493,15.944714523919
"Pomarine Jaeger",1,1,0,1,1,1,1,1,1,0,0,-1.26119855788845,-3.18297717476627,0.502237642951388
"Prairie Falcon",1,1,1,1,1,1,1,1,1,0,0,0.901516683714287,0.535029086338807,1.26114809055753
"Prairie Warbler",1,1,1,1,1,1,1,1,1,0,0,-0.663381952793307,-1.20951625259478,-0.138364499898505
"Purple Finch",1,1,1,1,1,1,1,1,1,0,0,-2.07424231322664,-3.37359927967339,-1.59585010441235
"Purple Gallinule",1,1,1,0,0,0,0,0,0,NA,NA,NA,NA,NA
"Purple Martin",1,1,0,0,0,0,0,0,0,NA,NA,NA,NA,NA
"Purple Sandpiper",1,1,1,1,1,1,1,1,1,0,0,-0.187103603815453,-1.83099605138693,1.42776287142147
"Gray-headed Swamphen",1,1,1,0,0,0,0,0,0,NA,NA,NA,NA,NA
"Pygmy Nuthatch",1,1,1,1,1,1,1,1,1,0,0,1.4711413295731,0.421701889370004,3.05762981374918
"Pyrrhuloxia",1,1,1,1,1,1,1,1,1,0,0,-2.23886714470617,-2.95930933669993,-1.72164111631955
"Razorbill",1,1,1,1,1,1,1,1,1,0,0,9.42681085907742,5.22310408377761,15.1003071918455
"Red-breasted Merganser",1,1,1,1,1,1,1,1,1,0,0,-0.487597815279595,-2.25703450568789,0.854526854156781
"Red-breasted Nuthatch",1,1,1,1,1,1,1,1,1,0,0,2.84973463014927,1.70593829851316,3.52970024333352
"Red-breasted Sapsucker",1,1,1,1,1,1,1,1,1,0,0,-0.1090628837012,-0.809938326847449,0.404790838784419
"Red-bellied Woodpecker",1,1,1,1,1,1,1,1,1,0,0,1.33176594385879,1.21871167656034,1.42254173614129
"Red-crowned Amazon",1,1,1,1,1,1,0,0,0,0,0,NA,NA,NA
"Red-cockaded Woodpecker",1,1,1,1,0,0,0,0,0,NA,NA,NA,NA,NA
"Red Crossbill",1,1,1,1,1,1,1,1,1,0,0,-1.3787267699403,-4.45334770535444,0.881208078520603
"Reddish Egret",1,1,1,1,1,1,1,1,1,0,0,0.893350968253559,0.233830737544608,1.51317816275983
"Redhead",1,1,1,1,1,1,1,1,1,0,0,1.306705251256,-0.15412159269172,2.71849055164372
"Red Junglefowl",1,1,1,0,0,0,0,0,0,NA,NA,NA,NA,NA
"Red Knot",1,1,1,1,1,1,1,1,1,0,0,-0.579898034235637,-2.97005884800357,1.6413371723124
"Red Phalarope",1,1,1,1,1,1,1,1,1,0,0,-2.37440128675544,-4.95537027055061,0.329764027814433
"Redpoll",1,1,1,1,1,1,0,0,0,0,0,NA,NA,NA
"Red-faced Cormorant",1,1,1,0,0,0,0,0,0,NA,NA,NA,NA,NA
"Red-headed Woodpecker",1,1,1,1,1,1,1,1,1,0,0,-0.531533939624473,-0.857257287653878,-0.214957027256069
"Red-lored Amazon",1,1,1,0,0,0,0,0,0,NA,NA,NA,NA,NA
"Red-masked Parakeet",1,1,1,0,0,0,0,0,0,NA,NA,NA,NA,NA
"Red-necked Grebe",1,1,1,1,1,1,1,1,1,0,0,0.594861060615592,-0.252652051048335,1.56248443033588
"Red-necked Phalarope",1,1,1,0,0,0,0,0,0,NA,NA,NA,NA,NA
"Red-naped Sapsucker",1,1,1,1,1,1,1,1,1,0,0,-0.615233696117684,-1.24749355658373,0.00604044276679899
"Red-shouldered Hawk",1,1,1,1,1,1,1,1,1,0,0,2.71045589907801,2.54535019991382,2.88190499338016
"Red-tailed Hawk",1,1,1,1,1,1,1,1,1,0,0,1.54269415769458,1.45117517235717,1.62985219595087
"Red-throated Loon",1,1,1,1,1,1,1,1,1,0,0,-0.0899830308218441,-1.61077019087887,1.24985672455576
"Red-vented Bulbul",1,1,0,0,0,0,0,0,0,NA,NA,NA,NA,NA
"Red-winged Blackbird",1,1,1,1,1,1,1,1,1,0,0,0.741539276096437,-1.12726719565302,2.87220581997781
"Red-whiskered Bulbul",1,1,1,0,0,0,0,0,0,NA,NA,NA,NA,NA
"Rhinoceros Auklet",1,1,1,1,1,1,1,1,1,0,0,-0.18563665294396,-2.43005347280708,1.95587561326961
"Ring-billed Gull",1,1,1,1,1,1,1,1,1,0,0,2.00501887787022,0.997862184832677,2.74986717651244
"Ridgway's Rail",1,1,1,1,1,1,1,1,1,0,0,-0.16992068744951,-1.42415876069093,1.45028711133439
"Ring-necked Duck",1,1,1,1,1,1,1,1,1,0,0,0.624946011470595,-0.185595361400234,1.40529935711025
"Ringed Kingfisher",1,1,1,1,1,1,1,1,1,0,0,3.9566804514773,2.48194458832168,5.7149190097787
"Ring-necked Pheasant",1,1,1,1,1,1,1,1,1,0,0,-1.45477055691594,-1.9617107939935,-0.93808387861006
"Rose-breasted Grosbeak",1,1,1,0,0,0,0,0,0,NA,NA,NA,NA,NA
"Rock Pigeon",1,1,1,1,1,1,1,1,1,0,0,36.2014668273829,30.6825609881968,45.3701972106749
"Rock Ptarmigan",1,1,1,0,0,0,0,0,0,NA,NA,NA,NA,NA
"Rock Sandpiper",1,1,0,1,1,1,1,1,1,0,0,-1.0793474651674,-4.57411144465548,2.40752743005965
"Rock Wren",1,1,1,1,1,1,1,1,1,0,0,-0.626997929182399,-0.98521522696195,-0.280372564291917
"Rough-legged Hawk",1,1,1,1,1,1,1,1,1,0,0,-0.442159702837724,-0.765258131020758,-0.138571463787025
"Rose-ringed Parakeet",1,1,1,0,0,0,0,0,0,NA,NA,NA,NA,NA
"Ross's Goose",1,1,1,1,1,1,1,1,1,0,0,9.90400215532204,7.2935391784121,13.4519729891076
"Roseate Spoonbill",1,1,1,1,1,1,1,1,1,0,0,3.75572362315436,1.74616908255542,5.17938472308797
"Roseate Tern",1,1,1,0,0,0,0,0,0,NA,NA,NA,NA,NA
"Royal Tern",1,1,1,1,1,1,1,1,1,0,0,0.864415568979837,0.409315814080528,1.27457814736922
"Ruby-throated Hummingbird",1,1,1,1,1,1,1,1,1,0,0,2.70537198616049,2.04591472280731,3.33728086442747
"Ruby-crowned Kinglet",1,1,0,1,1,1,1,1,1,0,0,0.196594103619729,0.00319048202842787,0.371971682333619
"Rufous-crowned Sparrow",1,1,1,1,1,1,1,1,1,0,0,-3.42541019201953,-4.38418439462504,-2.53435454204042
"Ruddy Duck",1,1,1,1,1,1,1,1,1,0,0,0.681768943731065,-0.578268596644746,1.55215781328882
"Ruddy Turnstone",1,1,1,1,1,1,1,1,1,0,0,0.309766374903997,-0.411966362246722,0.950649863265542
"Ruffed Grouse",1,1,1,1,1,1,1,1,1,0,0,0.210613082463473,-0.527080009776487,0.949692447359742
"Rufous Hummingbird",1,1,1,1,1,1,1,1,1,0,0,2.90882160414547,1.05667772874335,5.00789283248355
"Ruddy Ground Dove",1,1,1,0,0,0,0,0,0,NA,NA,NA,NA,NA
"Rusty Blackbird",1,1,1,1,1,1,1,1,1,0,0,-4.51883351764026,-5.92083131263267,-3.28825934176159
"Rufous-winged Sparrow",1,1,1,0,0,0,0,0,0,NA,NA,NA,NA,NA
"Greater Sage-Grouse",1,1,1,1,1,1,1,1,1,0,0,-9.22394495327667,-13.1693451156816,-5.64021710136714
"Sagebrush/Bell's Sparrow (Sage Sparrow)",0,0,0,0,0,0,0,0,0,NA,NA,NA,NA,NA
"Sage Thrasher",1,1,1,1,1,1,1,1,1,0,0,-1.05900204861294,-1.97955829000534,-0.126840069767437
"Sandhill Crane",1,1,1,1,1,1,1,1,1,0,0,2.5741231763457,0.332843091739847,4.78814810468336
"Sanderling",1,1,1,1,1,1,1,1,1,0,0,-0.605987557865617,-1.66195019674061,0.675648911746742
"Sandwich Tern",1,1,1,1,1,1,1,1,1,0,0,3.41507136324587,2.14548398719331,4.65036361690239
"Savannah Sparrow",1,1,1,1,1,1,0,0,0,0,0,NA,NA,NA
"Say's Phoebe",1,1,1,1,1,1,1,1,1,0,0,0.729912789471854,0.420326241521838,0.941416937232145
"Scaled Quail",1,1,1,1,1,1,1,1,1,0,0,-4.0839851749873,-5.92599542239401,-2.83254445212176
"Scott's Oriole",1,1,1,1,1,1,1,1,1,0,0,-0.762586974965757,-3.28728757380315,1.65743405617984
"Scissor-tailed Flycatcher",1,1,1,1,1,1,1,1,1,0,0,0.79420917980868,-1.05143150427321,2.77626288112928
"Seaside Sparrow",1,1,1,1,1,1,1,1,1,0,0,-1.74569556961403,-3.43513066291287,-0.362022675819817
"Sedge Wren",1,1,1,1,1,1,1,1,1,0,0,0.659053194413084,0.107286197187978,1.19768304481138
"Semipalmated Plover",1,1,1,1,1,1,1,1,1,0,0,2.70255123413148,1.61852252072616,3.68555452611596
"Semipalmated Sandpiper",1,1,1,1,1,1,1,1,1,0,0,-21.1370927323768,-24.6282835593891,-17.5949849440807
"Short-billed Dowitcher",1,1,1,1,1,1,1,1,1,0,0,-0.0961154968747047,-2.04694496479938,2.6387770263489
"Short-eared Owl",1,1,1,1,1,1,1,1,1,0,0,-2.9788862231955,-3.59836768890441,-2.39049340252113
"Shiny Cowbird",1,1,0,0,0,0,0,0,0,NA,NA,NA,NA,NA
"Sharp-shinned Hawk",1,1,1,1,1,1,1,1,1,0,0,1.65334981211689,1.47506443291558,1.80140404910491
"Sharp-tailed Grouse",1,1,1,1,1,1,1,1,1,0,0,-0.349302076557267,-4.98886657823979,1.64585966230159
"Short-tailed Hawk",1,1,1,0,0,0,0,0,0,NA,NA,NA,NA,NA
"Short-tailed Shearwater",1,1,1,1,1,1,0,0,0,0,0,NA,NA,NA
"Nelson's/Saltmarsh Sparrow (Sharp-tailed Sparrow)",0,0,0,0,0,0,0,0,0,NA,NA,NA,NA,NA
"Eurasian Skylark",1,1,1,0,0,0,0,0,0,NA,NA,NA,NA,NA
"Smooth-billed Ani",1,1,1,0,0,0,0,0,0,NA,NA,NA,NA,NA
"Smith's Longspur",1,1,1,1,1,1,1,1,1,0,0,4.60284692367255,0.337424767323912,8.97035762778111
"Snail Kite",1,1,1,0,0,0,0,0,0,NA,NA,NA,NA,NA
"Snow Bunting",1,1,1,1,0,0,0,0,0,NA,NA,NA,NA,NA
"Snowy Egret",1,1,1,1,1,1,1,1,1,0,0,2.28911855025702,1.78812452575048,2.86553052670839
"Snow Goose",1,1,1,1,1,1,1,1,1,0,0,6.37831010874211,3.75018052600571,9.35221225159469
"Snowy Owl",1,1,1,1,1,1,1,1,1,0,0,-2.21700970364001,-3.53032831262043,-1.51891978307135
"Snowy Plover",1,1,1,1,1,1,1,1,1,0,0,0.526595861782986,-0.40823835128851,2.20464980985613
"Solitary Sandpiper",1,1,1,1,1,1,1,1,1,0,0,-0.650506450809846,-2.03901184824458,0.655632971070287
"Song Sparrow",1,1,1,1,1,1,1,1,1,0,0,-0.243204303260752,-0.346023850650974,-0.135002802642739
"Sooty Grouse",1,0,0,0,0,0,0,0,0,NA,NA,NA,NA,NA
"Sooty Shearwater",1,1,1,1,1,1,1,1,1,0,0,-4.94625651033592,-8.06230554188087,-2.22784233165125
"Sooty Tern",1,1,1,0,0,0,0,0,0,NA,NA,NA,NA,NA
"Sora",1,1,1,1,1,1,1,1,1,0,0,0.809040952624018,0.346122656798373,1.32755535529511
"Spot-breasted Oriole",1,1,1,0,0,0,0,0,0,NA,NA,NA,NA,NA
"Spotted Dove",1,1,1,0,0,0,0,0,0,NA,NA,NA,NA,NA
"Spotted Owl",1,1,1,1,1,1,1,1,1,0,0,0.143547645079101,-1.94912138589214,2.11912762321169
"Spotted Sandpiper",1,1,1,1,1,1,1,1,1,0,0,0.398115104588825,0.115274293308084,0.683375151638126
"Spotted Towhee",1,1,1,1,1,1,0,0,0,0,0,NA,NA,NA
"Spruce Grouse",1,1,1,1,1,1,0,0,0,0,0,NA,NA,NA
"Sprague's Pipit",1,1,1,1,1,1,1,1,1,0,0,-3.52957569229678,-4.71905499181274,-2.23644693919068
"Steller's Eider",1,1,1,0,0,0,0,0,0,NA,NA,NA,NA,NA
"Steller's Jay",1,1,1,1,1,1,1,1,1,0,0,0.792063442392887,-0.0806095226855946,1.08581555923125
"Stilt Sandpiper",1,1,1,1,1,1,1,1,1,0,0,3.50771711740741,0.836468093291725,6.0257511723647
"Summer Tanager",1,1,1,1,1,1,1,1,1,0,0,2.84310445061288,1.54422560320779,4.1341395287716
"Surfbird",1,1,1,1,1,1,1,1,1,0,0,-2.39452548969661,-4.51061834901421,-0.234640730628226
"Surf Scoter",1,1,1,1,1,1,1,1,1,0,0,-0.902122115020482,-3.67546653420421,0.48010703921029
"Swainson's Hawk",1,1,1,1,1,1,1,1,1,0,0,-2.33459051245558,-4.2566912050683,-0.370398139762952
"Swamp Sparrow",1,1,1,1,0,0,0,0,0,NA,NA,NA,NA,NA
"Swainson's Thrush",1,1,0,0,0,0,0,0,0,NA,NA,NA,NA,NA
"Tamaulipas Crow",1,1,1,0,0,0,0,0,0,NA,NA,NA,NA,NA
"Tennessee Warbler",1,1,1,1,1,1,1,1,1,0,0,3.85219328256216,0.931747389850882,7.48809968723523
"Thick-billed Murre",1,1,1,1,1,1,1,1,1,0,0,3.49229622037422,-2.05348102983145,9.24329832779066
"Townsend's Solitaire",1,1,1,1,1,1,1,1,1,0,0,0.513411007778064,0.138906033169791,0.901930714739395
"Townsend's Warbler",1,1,1,1,1,1,1,1,1,0,0,4.5114767616369,3.87457597782792,5.14218246945027
"Tree Swallow",1,1,1,1,1,1,1,1,1,0,0.000693481276005548,-0.659398751104134,-2.33207971393558,2.26893912205912
"Tricolored Blackbird",1,1,1,1,1,1,1,1,1,0,0,-2.18018048419752,-3.35429077756597,-0.756794083871072
"Tricolored Heron",1,1,1,1,1,1,1,1,1,0,0,-0.252990609994669,-1.04333760286519,0.322822160887242
"Trumpeter Swan",1,1,1,1,1,1,1,1,1,0,0.00475737392959087,10.6231622953802,7.66700515391973,13.2733757935002
"Tufted Duck",1,1,1,0,0,0,0,0,0,NA,NA,NA,NA,NA
"Tufted Titmouse",1,1,1,1,1,1,1,1,1,0,0,0.608871915234277,0.506498157858927,0.714757423583014
"Tundra Swan",1,1,1,1,1,1,1,1,1,0,0,0.629016019759465,-0.891063422526828,2.44548069618647
"Turkey Vulture",1,1,1,1,1,1,1,1,1,0.00670705322371268,0.0114668974469926,3.5736556006679,3.31405500357145,3.81658749250531
"Varied Thrush",1,1,1,1,1,1,1,1,1,0,0,0.229549228835213,-0.130881440978473,0.540492339262595
"Vaux's Swift",1,1,1,0,0,0,0,0,0,NA,NA,NA,NA,NA
"Verdin",1,1,1,1,1,1,1,1,1,0,0,0.250051266856743,-0.208670904233857,0.725014926462831
"Vermilion Flycatcher",1,1,1,1,1,1,1,1,1,0,0,1.05887528765117,0.493429686041311,1.56272085428269
"Vesper Sparrow",1,1,1,1,1,1,1,1,1,0,0,-2.44971656403711,-3.14087580080624,-1.69885216298176
"Violet-crowned Hummingbird",1,1,1,0,0,0,0,0,0,NA,NA,NA,NA,NA
"Violet-green Swallow",1,1,1,1,1,1,1,1,1,0,0,-1.99569947601959,-4.11359385634098,-0.165459982541995
"Virginia Rail",1,1,1,1,1,1,1,1,1,0,0,2.0847935033817,1.58409665928305,2.530872788206
"Wandering Tattler",1,1,1,1,1,1,1,1,1,0,0,-2.82989618722013,-3.95845865993616,-1.78847815996298
"Warbling White-eye",1,1,1,0,0,0,0,0,0,NA,NA,NA,NA,NA
"Western Bluebird",1,1,1,1,1,1,1,1,1,0,0,0.324594557395108,-0.581054518406744,0.981782976048637
"Western Flycatcher",1,1,1,1,1,1,0,0,0,0,0,NA,NA,NA
"Western Gull",1,1,1,1,1,1,1,1,1,0,0,0.965442985281473,0.272058507422536,1.55975192987863
"Western Kingbird",1,1,1,1,1,1,1,1,1,0,0,0.269955307106307,-1.15061498366076,1.69927159316952
"Western Meadowlark",1,1,1,1,1,1,1,1,1,0,0,-1.93183889328928,-2.63059106536309,-1.13498466873032
"Western Screech-Owl",1,1,1,1,1,1,1,1,1,0,0,15.8063268634498,10.351357611914,23.8591399784261
"Western Sandpiper",1,1,1,1,1,1,1,1,1,0,0,-1.5886500453091,-2.91060242752183,0.382195538718607
"Western Tanager",1,1,1,0,0,0,0,0,0,NA,NA,NA,NA,NA
"White-breasted Nuthatch",1,1,1,1,1,1,1,1,1,0,0,1.52425031120305,1.4423857789139,1.60335900075407
"White-crowned Pigeon",1,1,1,0,0,0,0,0,0,NA,NA,NA,NA,NA
"White-crowned Sparrow",1,1,1,1,1,1,1,1,1,0,0,-0.398394096687427,-1.11475290412396,-0.124274251467886
"White-eyed Parakeet",1,1,1,0,0,0,0,0,0,NA,NA,NA,NA,NA
"White-eyed Vireo",1,1,1,1,1,1,1,1,1,0,0,0.0317523391276886,-0.316350245489937,0.392137827331522
"White-faced Ibis",1,1,1,1,1,1,1,1,1,0,0,7.13281210324467,2.76303379110255,11.810848747565
"White-fronted Amazon",1,1,1,0,0,0,0,0,0,NA,NA,NA,NA,NA
"White-headed Woodpecker",1,1,1,1,1,1,1,1,1,0,0,1.25545251040097,0.2515223123529,2.47904700582669
"Whiskered Auklet",1,1,1,0,0,0,0,0,0,NA,NA,NA,NA,NA
"White Ibis",1,1,1,1,1,1,1,1,1,0,0,4.2748459887054,3.33190351430012,5.82706502832783
"Whimbrel",1,1,1,1,1,1,1,1,1,0,0,-0.509268901365861,-1.34474587849086,0.254345565436713
"Whooping Crane",1,1,1,0,0,0,0,0,0,NA,NA,NA,NA,NA
"White-rumped Sandpiper",1,1,1,0,0,0,0,0,0,NA,NA,NA,NA,NA
"Whiskered Screech-Owl",1,1,1,0,0,0,0,0,0,NA,NA,NA,NA,NA
"White-tipped Dove",1,1,1,1,1,1,1,1,1,0,0,2.26440034214003,1.10572863048988,3.45597734704821
"White-tailed Hawk",1,1,1,1,1,1,1,1,1,0,0,5.7485911574963,4.5685221807801,7.5284512954637
"White-tailed Kite",1,1,1,1,1,1,1,1,1,0,0,0.394452942276791,-0.186913522052835,1.74448751137733
"White-tailed Ptarmigan",1,1,1,0,0,0,0,0,0,NA,NA,NA,NA,NA
"White-throated Sparrow",1,1,1,1,1,1,1,1,1,0,0,-0.601091980941909,-0.827835216907874,-0.373590177640488
"White-throated Swift",1,1,1,1,1,1,1,1,1,0,0,-1.20340967497044,-2.96646296545476,0.579218028185539
"White-winged Crossbill",1,1,1,1,1,1,1,1,1,0,0,-4.27138804067272,-13.030185536777,-0.0677044966703504
"White-winged Dove",1,1,1,1,1,1,1,1,1,0,0,9.85198327463379,7.82393933402334,12.0207320428815
"White-winged Parakeet",0,0,0,0,0,0,0,0,0,NA,NA,NA,NA,NA
"White-winged Scoter",1,1,1,1,1,1,1,1,1,0,0,-1.46067117480533,-3.0255621572518,0.756770359939304
"Willet",1,1,1,1,1,1,1,1,1,0,0,-0.39663636889436,-0.911129120219348,0.135050082952364
"Wilson's Phalarope",1,1,1,0,0,0,0,0,0,NA,NA,NA,NA,NA
"Wilson's Plover",1,1,1,1,1,1,1,1,1,0,0,-2.71984527959296,-4.19214934112217,-0.969168059019659
"Willow Ptarmigan",1,1,1,1,1,1,1,1,1,0,0,-0.487371383343838,-3.51178309559723,2.47396081780594
"Williamson's Sapsucker",1,1,1,1,1,1,1,1,1,0,0,1.6095026511159,0.493857603937225,2.86125493991388
"Wild Turkey",1,1,1,1,1,1,1,1,1,0,0,9.23885280009741,7.95041802119599,10.517223564712
"Winter Wren",1,1,1,1,1,1,1,1,1,0,0,1.28578086815622,1.00689613495083,1.55509046721391
"Wilson's Warbler",1,1,1,1,1,1,1,1,1,0,0,2.36659769026374,1.28557781824683,3.28100244563374
"Worm-eating Warbler",1,1,1,0,0,0,0,0,0,NA,NA,NA,NA,NA
"Wood Duck",1,1,1,1,1,0,0,0,0,NA,NA,NA,NA,NA
"Woodhouse's Scrub-Jay",1,1,0,0,0,0,0,0,0,NA,NA,NA,NA,NA
"Wood Stork",1,1,1,1,1,1,1,1,1,0,0,2.5347280420693,1.99549923775485,3.12970237482119
"Wood Thrush",1,1,1,1,1,1,1,1,1,0,0,-6.32135638896913,-8.97654869078793,-4.02602277775687
"Wrentit",1,1,1,1,1,1,1,1,1,0,0,0.394946281030706,0.0540125744154198,0.720236075519195
"Western/Clark's Grebe",0,0,0,0,0,0,0,0,0,NA,NA,NA,NA,NA
"Arctic/Pacific Loon",0,0,0,0,0,0,0,0,0,NA,NA,NA,NA,NA
"American/Pacific Golden-Plover (Lesser Golden-Plover)",0,0,0,0,0,0,0,0,0,NA,NA,NA,NA,NA
"Tropical/Couch's Kingbird",0,0,0,0,0,0,0,0,0,NA,NA,NA,NA,NA
"Cackling/Canada Goose",0,0,0,0,0,0,0,0,0,NA,NA,NA,NA,NA
"American Coot",1,1,1,1,1,1,1,1,1,0,0,-1.1379674895449,-2.28439751917833,-0.324629941874339
"Common/Wilson's Snipe",0,0,0,0,0,0,0,0,0,NA,NA,NA,NA,NA
"Iceland Gull",1,1,1,1,1,1,1,1,1,0,0,3.3330759564865,1.40035133506836,5.04277022026599
"White-winged/Yellow-chevroned Parakeet",0,0,0,0,0,0,0,0,0,NA,NA,NA,NA,NA
"Crested Caracara",1,1,1,1,1,0,0,0,0,NA,NA,NA,NA,NA
"Yellow-crowned Night Heron",1,1,1,1,1,1,1,1,1,0,0,-0.230614921052952,-0.890831241346067,0.441499703998165
"Yellow-breasted Chat",1,1,1,1,1,1,1,1,1,0,0,-1.17429802531661,-1.86178898702681,-0.448179901599979
"Yellow-billed Loon",1,1,1,1,1,1,1,1,1,0,0,-2.15943082954476,-4.1418179434376,-0.382101592025985
"Yellow-billed Magpie",1,1,1,0,0,0,0,0,0,NA,NA,NA,NA,NA
"Yellow-bellied Sapsucker",1,1,0,1,1,1,1,1,1,0,0,0.167078427289502,-0.00107407559625234,0.335140015685622
"Yellow-eyed Junco",1,1,1,0,0,0,0,0,0,NA,NA,NA,NA,NA
"Yellow-footed Gull",1,1,1,0,0,0,0,0,0,NA,NA,NA,NA,NA
"Yellow-headed Blackbird",1,1,1,1,1,1,1,1,1,0,0,-0.87223172542662,-3.66481586587813,1.67032229690668
"Yellow-headed Amazon",1,1,1,0,0,0,0,0,0,NA,NA,NA,NA,NA
"Yellow Rail",1,1,1,1,1,1,1,1,1,0,0,4.02944313984945,-1.10084397256009,9.06323676793652
"Yellow Warbler",1,1,1,1,1,1,1,1,1,0,0,0.839140637872848,-0.136284951655567,1.90314262377729
"Yellow-rumped Warbler",1,1,1,1,1,1,0,0,0,0,0,NA,NA,NA
"Yellow-throated Vireo",1,1,1,0,0,0,0,0,0,NA,NA,NA,NA,NA
"Yellow-throated Warbler",1,1,1,1,1,1,1,1,1,0,0,-0.363329966235698,-0.856863635977141,0.108774241394321
"Zone-tailed Hawk",1,1,1,1,1,1,1,1,1,0,0,5.00586780934511,3.12113971975595,7.78155742541152
